<?xml version="1.0" encoding="UTF-8"?>

<beans:beans xmlns="http://www.springframework.org/schema/security"
             xmlns:beans="http://www.springframework.org/schema/beans"
             xmlns:xsi="http://www.w3.org/2001/XMLSchema-instance"
             xsi:schemaLocation="http://www.springframework.org/schema/beans
                                 http://www.springframework.org/schema/beans/spring-beans.xsd
                                 http://www.springframework.org/schema/security
                                 http://www.springframework.org/schema/security/spring-security.xsd">
    
    
    <http pattern="/upload" security="none"/>
    <http auto-config="true" use-expressions="true">
    	<headers>  <!-- X-Frame-Options : deny 해결(iframe사용시) -->
        	<frame-options disabled="true"></frame-options>
        </headers>
        	
    	<intercept-url pattern="/" access="permitAll" />
    	<intercept-url pattern="/resources/**" access="permitAll" />
		<intercept-url pattern="/login" access="permitAll" />
		<intercept-url pattern="/join_view" access="permitAll" />
		<intercept-url pattern="/join" access="permitAll" />
		<intercept-url pattern="/html/**" access="permitAll" />
		<intercept-url pattern="/style/**" access="permitAll" />
		<intercept-url pattern="/js/**" access="permitAll" />
		<intercept-url pattern="/images/**" access="permitAll" />
		<intercept-url pattern="/login_duplicate" access="permitAll" />
		<!-- <intercept-url pattern="/**" access="hasRole('ROLE_USER')"  requires-channel="https"/> -->
		<intercept-url pattern="/**" access="hasRole('ROLE_USER')" />
		<form-login login-page="/login" 
					username-parameter="uId" 
					password-parameter="uPw"															
					default-target-url="/mainFrame" 
					authentication-failure-url="/login?error=1"	
					always-use-default-target='true'
					/>		
		 
		 <!-- 
		<logout invalidate-session="true" logout-url="/logout"   logout-success-url="/login?logout=1" /> 
		-->
		<!-- 로그아웃 버튼 클릭시 작동하는 부분 -->
		<logout invalidate-session="true" delete-cookies="JSESSIONID,SPRING_SECURITY_REMEMBER_ME_COOKIE" 
			logout-url="/logout" logout-success-url="/login?logout" />
		<remember-me key="wmoskey" token-validity-seconds="2419200"/> <!-- 4 주 -->
			   
		<csrf/>
		
	</http>
	
	   	
<!--
	<authentication-manager>
	    <authentication-provider>
	        <user-service>
	            <user name="guest" password="guest" authorities="ROLE_USER"/>    
	        </user-service>
	    </authentication-provider>
	</authentication-manager>
	-->	
 	
 	<!--  	 
 	<beans:bean class="org.springframework.security.web.access.expression.DefaultWebSecurityExpressionHandler"/>
 	--> 
    
   	<authentication-manager>   		
	    <authentication-provider user-service-ref="customUserDetailsService"/>	   
  	</authentication-manager>
  	
  	<!-- password encorder추가 -->
    <authentication-manager>
    	<authentication-provider user-service-ref="customUserDetailsService">
    		<password-encoder ref="passwordEncoder"/>
    	</authentication-provider>
    </authentication-manager>
  	
  	
    <beans:bean id="customUserDetailsService" class="com.jung.sample.security.CustomUserDetailsService" />     
    <beans:bean id="passwordEncoder" class="org.springframework.security.crypto.bcrypt.BCryptPasswordEncoder"/>  
    
</beans:beans>