<?xml version="1.0" encoding="UTF-8"?>
<beans:beans xmlns="http://www.springframework.org/schema/mvc"
	xmlns:xsi="http://www.w3.org/2001/XMLSchema-instance"
	xmlns:beans="http://www.springframework.org/schema/beans"
	xmlns:context="http://www.springframework.org/schema/context"
	xsi:schemaLocation="http://www.springframework.org/schema/mvc https://www.springframework.org/schema/mvc/spring-mvc.xsd
		http://www.springframework.org/schema/beans https://www.springframework.org/schema/beans/spring-beans.xsd
		http://www.springframework.org/schema/context https://www.springframework.org/schema/context/spring-context.xsd">

	<!-- DispatcherServlet Context: defines this servlet's request-processing infrastructure -->
	
	<!-- Enables the Spring MVC @Controller programming model -->
	<annotation-driven />

	<!-- Handles HTTP GET requests for /resources/** by efficiently serving up static resources in the ${webappRoot}/resources directory -->
	<resources mapping="/resources/**" location="/resources/" />
	<resources mapping="/html/**" location="/resources/html/" />
	<resources mapping="/style/**" location="/resources/style/" />
	<resources mapping="/js/**" location="/resources/js/" />
	<resources mapping="/images/**" location="/resources/images/" />

	<!-- Resolves views selected for rendering by @Controllers to .jsp resources in the /WEB-INF/views directory -->
	<beans:bean class="org.springframework.web.servlet.view.InternalResourceViewResolver">
		<beans:property name="prefix" value="/WEB-INF/views/" />
		<beans:property name="suffix" value=".jsp" />
	</beans:bean>
	
	<!-- 추가부분 -->
	<!-- myBatis설정을 위한 기본 DB관련 설정 -->
	<beans:bean name="dataSource" class="org.springframework.jdbc.datasource.DriverManagerDataSource" >
		<beans:property name="driverClassName" value="oracle.jdbc.driver.OracleDriver" />
		<beans:property name="url" value="jdbc:oracle:thin:@localhost:1521:orcl" />
		<beans:property name="username" value="scott" />
		<beans:property name="password" value="tiger" />
	</beans:bean>
	
	<!-- myBatis는  SqlSessionFactoryBean클래스와 SqlSessionTemplate클래스의 객체를 이용하여 sql처리-->
	<beans:bean id="sqlSessionFactory" class="org.mybatis.spring.SqlSessionFactoryBean">
		<beans:property name="dataSource" ref="dataSource"></beans:property>
		<beans:property name="mapperLocations" value="classpath:com/jung/sample/mapper/*.xml">
		</beans:property>
	</beans:bean>
	
	<!-- sql처리에 필요한 모든 메서드를 가지고 있는 객체 -->
	<beans:bean id="sqlSession" class="org.mybatis.spring.SqlSessionTemplate">
		<beans:constructor-arg index="0"  ref="sqlSessionFactory"></beans:constructor-arg>
	</beans:bean>
	
	<!-- 
	<beans:bean name="dao" class="com.jung.sample.dao.TestDao">
		<beans:property name="template" ref="template" />
		<beans:property name="transactionManager" ref="transactionManager" />		
	</beans:bean>
	 -->
	
	<context:component-scan base-package="com.jung.sample" />
	
	
	
</beans:beans>
